-- MySQL dump 10.11
--
-- Host: localhost    Database: mindynamics
-- ------------------------------------------------------
-- Server version	5.0.75-0ubuntu10.5

/*!40101 SET @OLD_CHARACTER_SET_CLIENT=@@CHARACTER_SET_CLIENT */;
/*!40101 SET @OLD_CHARACTER_SET_RESULTS=@@CHARACTER_SET_RESULTS */;
/*!40101 SET @OLD_COLLATION_CONNECTION=@@COLLATION_CONNECTION */;
/*!40101 SET NAMES utf8 */;
/*!40103 SET @OLD_TIME_ZONE=@@TIME_ZONE */;
/*!40103 SET TIME_ZONE='+00:00' */;
/*!40014 SET @OLD_UNIQUE_CHECKS=@@UNIQUE_CHECKS, UNIQUE_CHECKS=0 */;
/*!40014 SET @OLD_FOREIGN_KEY_CHECKS=@@FOREIGN_KEY_CHECKS, FOREIGN_KEY_CHECKS=0 */;
/*!40101 SET @OLD_SQL_MODE=@@SQL_MODE, SQL_MODE='NO_AUTO_VALUE_ON_ZERO' */;
/*!40111 SET @OLD_SQL_NOTES=@@SQL_NOTES, SQL_NOTES=0 */;

--
-- Table structure for table `aros`
--

DROP TABLE IF EXISTS `aros`;
SET @saved_cs_client     = @@character_set_client;
SET character_set_client = utf8;
CREATE TABLE `aros` (
  `id` int(10) NOT NULL auto_increment,
  `parent_id` int(10) default NULL,
  `model` varchar(255) default NULL,
  `foreign_key` int(10) default NULL,
  `alias` varchar(255) default NULL,
  `lft` int(10) default NULL,
  `rght` int(10) default NULL,
  PRIMARY KEY  (`id`)
) ENGINE=MyISAM AUTO_INCREMENT=7 DEFAULT CHARSET=latin1;
SET character_set_client = @saved_cs_client;

--
-- Dumping data for table `aros`
--

LOCK TABLES `aros` WRITE;
/*!40000 ALTER TABLE `aros` DISABLE KEYS */;
INSERT INTO `aros` VALUES (1,NULL,'Group',1,NULL,1,4),(2,NULL,'Group',2,NULL,5,8),(3,NULL,'Group',3,NULL,9,10),(4,1,'User',1,NULL,2,3),(5,2,'User',2,NULL,6,7);
/*!40000 ALTER TABLE `aros` ENABLE KEYS */;
UNLOCK TABLES;

--
-- Table structure for table `acos`
--

DROP TABLE IF EXISTS `acos`;
SET @saved_cs_client     = @@character_set_client;
SET character_set_client = utf8;
CREATE TABLE `acos` (
  `id` int(10) NOT NULL auto_increment,
  `parent_id` int(10) default NULL,
  `model` varchar(255) default NULL,
  `foreign_key` int(10) default NULL,
  `alias` varchar(255) default NULL,
  `lft` int(10) default NULL,
  `rght` int(10) default NULL,
  PRIMARY KEY  (`id`)
) ENGINE=MyISAM AUTO_INCREMENT=86 DEFAULT CHARSET=latin1;
SET character_set_client = @saved_cs_client;

--
-- Dumping data for table `acos`
--

LOCK TABLES `acos` WRITE;
/*!40000 ALTER TABLE `acos` DISABLE KEYS */;
INSERT INTO `acos` VALUES (1,NULL,NULL,NULL,'controllers',1,170),(2,1,NULL,NULL,'Pages',2,21),(3,2,NULL,NULL,'welcome',3,4),(4,2,NULL,NULL,'index',5,6),(5,2,NULL,NULL,'view',7,8),(6,2,NULL,NULL,'add',9,10),(7,2,NULL,NULL,'edit',11,12),(8,2,NULL,NULL,'delete',13,14),(9,2,NULL,NULL,'build_acl',15,16),(10,1,NULL,NULL,'Users',22,43),(11,10,NULL,NULL,'index',23,24),(12,10,NULL,NULL,'view',25,26),(13,10,NULL,NULL,'add',27,28),(14,10,NULL,NULL,'edit',29,30),(15,10,NULL,NULL,'delete',31,32),(16,10,NULL,NULL,'build_acl',33,34),(17,1,NULL,NULL,'Groups',44,57),(18,17,NULL,NULL,'index',45,46),(19,17,NULL,NULL,'view',47,48),(20,17,NULL,NULL,'add',49,50),(21,17,NULL,NULL,'edit',51,52),(22,17,NULL,NULL,'delete',53,54),(23,17,NULL,NULL,'build_acl',55,56),(24,1,NULL,NULL,'Members',58,77),(25,24,NULL,NULL,'index',59,60),(26,24,NULL,NULL,'view',61,62),(27,24,NULL,NULL,'add',63,64),(28,24,NULL,NULL,'edit',65,66),(29,24,NULL,NULL,'delete',67,68),(30,24,NULL,NULL,'build_acl',69,70),(31,1,NULL,NULL,'Clients',78,99),(32,31,NULL,NULL,'index',79,80),(33,31,NULL,NULL,'view',81,82),(34,31,NULL,NULL,'add',83,84),(35,31,NULL,NULL,'edit',85,86),(36,31,NULL,NULL,'delete',87,88),(37,31,NULL,NULL,'build_acl',89,90),(38,1,NULL,NULL,'StatusMessages',100,113),(39,38,NULL,NULL,'index',101,102),(40,38,NULL,NULL,'view',103,104),(41,38,NULL,NULL,'add',105,106),(42,38,NULL,NULL,'edit',107,108),(43,38,NULL,NULL,'delete',109,110),(44,38,NULL,NULL,'build_acl',111,112),(45,1,NULL,NULL,'Projects',114,127),(46,45,NULL,NULL,'index',115,116),(47,45,NULL,NULL,'view',117,118),(48,45,NULL,NULL,'add',119,120),(49,45,NULL,NULL,'edit',121,122),(50,45,NULL,NULL,'delete',123,124),(51,45,NULL,NULL,'build_acl',125,126),(52,1,NULL,NULL,'TicketComments',128,141),(53,52,NULL,NULL,'index',129,130),(54,52,NULL,NULL,'view',131,132),(55,52,NULL,NULL,'add',133,134),(56,52,NULL,NULL,'edit',135,136),(57,52,NULL,NULL,'delete',137,138),(58,52,NULL,NULL,'build_acl',139,140),(59,1,NULL,NULL,'CommentReplies',142,155),(60,59,NULL,NULL,'index',143,144),(61,59,NULL,NULL,'view',145,146),(62,59,NULL,NULL,'add',147,148),(63,59,NULL,NULL,'edit',149,150),(64,59,NULL,NULL,'delete',151,152),(65,59,NULL,NULL,'build_acl',153,154),(66,1,NULL,NULL,'Tickets',156,169),(67,66,NULL,NULL,'index',157,158),(68,66,NULL,NULL,'view',159,160),(69,66,NULL,NULL,'add',161,162),(70,66,NULL,NULL,'edit',163,164),(71,66,NULL,NULL,'delete',165,166),(72,66,NULL,NULL,'build_acl',167,168),(73,2,NULL,NULL,'display',17,18),(74,2,NULL,NULL,'notfound',19,20),(75,10,NULL,NULL,'login',35,36),(76,10,NULL,NULL,'logout',37,38),(77,24,NULL,NULL,'member_landing',71,72),(78,10,NULL,NULL,'login_redirect',39,40),(79,31,NULL,NULL,'client_landing',91,92),(80,31,NULL,NULL,'new_ticket',93,94),(81,31,NULL,NULL,'add_ticket',95,96),(82,24,NULL,NULL,'reply_to_comment',73,74),(83,31,NULL,NULL,'add_comment',97,98),(84,24,NULL,NULL,'post_status_message',75,76),(85,10,NULL,NULL,'admin_landing',41,42);
/*!40000 ALTER TABLE `acos` ENABLE KEYS */;
UNLOCK TABLES;

--
-- Table structure for table `aros_acos`
--

DROP TABLE IF EXISTS `aros_acos`;
SET @saved_cs_client     = @@character_set_client;
SET character_set_client = utf8;
CREATE TABLE `aros_acos` (
  `id` int(10) NOT NULL auto_increment,
  `aro_id` int(10) NOT NULL,
  `aco_id` int(10) NOT NULL,
  `_create` varchar(2) NOT NULL default '0',
  `_read` varchar(2) NOT NULL default '0',
  `_update` varchar(2) NOT NULL default '0',
  `_delete` varchar(2) NOT NULL default '0',
  PRIMARY KEY  (`id`),
  UNIQUE KEY `ARO_ACO_KEY` (`aro_id`,`aco_id`)
) ENGINE=MyISAM AUTO_INCREMENT=14 DEFAULT CHARSET=latin1;
SET character_set_client = @saved_cs_client;

--
-- Dumping data for table `aros_acos`
--

LOCK TABLES `aros_acos` WRITE;
/*!40000 ALTER TABLE `aros_acos` DISABLE KEYS */;
INSERT INTO `aros_acos` VALUES (1,1,1,'1','1','1','1'),(5,2,77,'1','1','1','1'),(8,3,79,'1','1','1','1'),(9,3,80,'1','1','1','1'),(10,3,81,'1','1','1','1'),(11,3,83,'1','1','1','1'),(12,2,82,'1','1','1','1'),(13,2,84,'1','1','1','1');
/*!40000 ALTER TABLE `aros_acos` ENABLE KEYS */;
UNLOCK TABLES;
/*!40103 SET TIME_ZONE=@OLD_TIME_ZONE */;

/*!40101 SET SQL_MODE=@OLD_SQL_MODE */;
/*!40014 SET FOREIGN_KEY_CHECKS=@OLD_FOREIGN_KEY_CHECKS */;
/*!40014 SET UNIQUE_CHECKS=@OLD_UNIQUE_CHECKS */;
/*!40101 SET CHARACTER_SET_CLIENT=@OLD_CHARACTER_SET_CLIENT */;
/*!40101 SET CHARACTER_SET_RESULTS=@OLD_CHARACTER_SET_RESULTS */;
/*!40101 SET COLLATION_CONNECTION=@OLD_COLLATION_CONNECTION */;
/*!40111 SET SQL_NOTES=@OLD_SQL_NOTES */;

-- Dump completed on 2010-12-23 16:59:09
